Sample,Amplitude
0,0.000122
1,-0.000031
2,-0.000031
3,-0.000092
4,-0.000214
5,-0.000610
6,-0.000702
7,-0.000397
8,-0.000244
9,-0.000488
10,-0.000397
11,-0.000275
12,0.000092
13,0.000458
14,0.000305
15,0.000366
16,0.000427
17,0.000336
18,0.000580
19,0.000427
20,-0.000061
21,0.000000
22,0.000000
23,-0.000305
24,-0.000702
25,-0.000824
26,-0.000671
27,-0.000031
28,0.000336
29,-0.000122
30,-0.000275
31,-0.000061
32,0.000458
33,0.000031
34,-0.000336
35,-0.000122
36,-0.000031
37,-0.000244
38,-0.000336
39,-0.000397
40,-0.000305
41,-0.000031
42,-0.000031
43,0.000427
44,0.000244
45,0.000397
46,0.000305
47,0.000336
48,0.000122
49,0.000031
50,-0.000183
51,-0.000092
52,0.000000
53,-0.000458
54,-0.001312
55,-0.000397
56,-0.000275
57,-0.000214
58,-0.000214
59,0.000153
60,0.000549
61,0.000122
62,-0.000610
63,-0.000946
64,-0.000366
65,-0.000061
66,0.000061
67,0.000916
68,0.000610
69,-0.000519
70,0.000031
71,0.000549
72,-0.001038
73,-0.002533
74,-0.000336
75,-0.000824
76,0.000671
77,0.001434
78,0.000092
79,0.000641
80,-0.000092
81,0.000031
82,0.000397
83,-0.001221
84,-0.001465
85,-0.002380
86,-0.001312
87,-0.001434
88,-0.000793
89,-0.000885
90,-0.000641
91,0.000519
92,0.002319
93,0.002869
94,0.000732
95,-0.000824
96,-0.000671
97,-0.002136
98,-0.001617
99,-0.000610
100,-0.001099
101,-0.000610
102,-0.001068
103,-0.000305
104,-0.000824
105,-0.001953
106,-0.002472
107,-0.000275
108,0.000092
109,-0.000153
110,0.002411
111,0.002411
112,0.002563
113,0.000763
114,-0.000183
115,-0.000458
116,0.000183
117,-0.000092
118,0.000824
119,-0.000031
120,0.001038
121,0.001129
122,-0.001526
123,-0.006439
124,-0.011017
125,-0.005219
126,-0.006073
127,-0.013794
128,-0.011414
129,-0.005035
130,0.052948
131,0.022369
132,0.006592
133,-0.060913
134,-0.049377
135,0.026672
136,0.093384
137,0.130219
138,-0.067963
139,-0.169678
140,0.037598
141,0.118958
142,0.005890
143,-0.044556
144,-0.025665
145,0.013611
146,0.034149
147,-0.002136
148,-0.022186
149,-0.012085
150,0.012421
151,0.035095
152,0.021545
153,0.005066
154,-0.024353
155,0.007111
156,0.013855
157,0.019501
158,0.005219
159,-0.025238
160,-0.038818
161,-0.024353
162,-0.001678
163,-0.011230
164,0.011688
165,0.026489
166,0.007477
167,0.005554
168,0.013245
169,0.002319
170,0.000916
171,-0.037476
172,-0.009857
173,-0.017059
174,-0.003235
175,0.009613
176,0.007477
177,0.005188
178,0.024841
179,0.033081
180,0.054291
181,0.043152
182,-0.002563
183,-0.026154
184,-0.000031
185,-0.024078
186,-0.023865
187,0.030701
188,0.051086
189,0.063934
190,-0.015869
191,0.004822
192,-0.006531
193,-0.074310
194,-0.015076
195,0.048065
196,0.041046
197,0.024475
198,0.010895
199,0.001709
200,-0.085266
201,-0.036011
202,0.054321
203,0.033661
204,0.023499
205,-0.012695
206,-0.036011
207,-0.006195
208,0.077026
209,0.019714
210,0.017517
211,0.022125
212,0.007202
213,0.075806
214,0.021393
215,-0.042175
216,-0.003235
217,0.027435
218,-0.068756
219,-0.015961
220,0.004456
221,-0.000061
222,0.027771
223,0.031525
224,0.008423
225,0.019470
226,-0.008057
227,-0.038391
228,-0.047668
229,-0.054352
230,0.042358
231,-0.072144
232,0.017273
233,0.071075
234,-0.058594
235,0.030487
236,0.038818
237,0.061829
238,0.067902
239,-0.006409
240,-0.014374
241,0.053589
242,0.039856
243,-0.047485
244,-0.123352
245,-0.088654
246,0.055267
247,-0.090363
248,-0.181305
249,-0.011200
250,-0.115112
251,-0.060791
252,0.144226
253,0.136963
254,0.054108
255,0.267426
256,0.209412
257,0.089478
258,0.067719
259,0.034393
260,-0.093445
261,-0.186005
262,-0.142731
263,-0.241577
264,-0.169586
265,-0.208923
266,-0.221436
267,0.046539
268,0.083801
269,0.334381
270,0.250336
271,0.326843
272,0.267487
273,0.105255
274,-0.027008
275,-0.073242
276,-0.169159
277,-0.252930
278,-0.206604
279,-0.226074
280,-0.088043
281,-0.350433
282,0.069977
283,0.086548
284,0.203430
285,0.341095
286,0.248230
287,0.310608
288,0.194000
289,-0.027161
290,-0.068176
291,-0.235504
292,-0.224854
293,-0.249969
294,-0.313385
295,-0.277069
296,-0.054535
297,0.142303
298,0.132843
299,0.317200
300,0.254913
301,0.285828
302,0.166351
303,0.165894
304,-0.046448
305,-0.163788
306,-0.265961
307,-0.257355
308,-0.290863
309,-0.409698
310,0.097534
311,0.032013
312,0.202606
313,0.283661
314,0.169189
315,0.260193
316,0.211853
317,0.149658
318,-0.055023
319,-0.190063
320,-0.243042
321,-0.380768
322,-0.360168
323,-0.184296
324,0.178619
325,0.118347
326,0.186401
327,0.297699
328,0.092316
329,0.281982
330,0.133270
331,0.048004
332,-0.108795
333,-0.255554
334,-0.292969
335,-0.617157
336,0.095490
337,0.205078
338,-0.020844
339,0.295776
340,0.185181
341,0.067749
342,0.266724
343,0.098907
344,0.039368
345,-0.125641
346,-0.209625
347,-0.311584
348,-0.606232
349,0.293976
350,0.184631
351,-0.113678
352,0.292816
353,0.184570
354,0.053192
355,0.203369
356,0.121338
357,-0.052582
358,-0.113953
359,-0.205566
360,-0.412994
361,-0.181183
362,0.352539
363,-0.105743
364,0.170227
365,0.173248
366,0.058868
367,0.112823
368,0.124390
369,0.151520
370,-0.108734
371,-0.153198
372,-0.402740
373,-0.421844
374,0.438690
375,-0.128296
376,-0.043243
377,0.351776
378,-0.019012
379,0.058838
380,0.182831
381,0.075287
382,0.090881
383,0.009155
384,-0.242371
385,-0.252167
386,-0.636505
387,0.703735
388,-0.353973
389,0.116333
390,0.214600
391,0.127686
392,-0.145050
393,0.305511
394,-0.107697
395,0.083679
396,0.154327
397,0.022919
398,-0.172272
399,-0.378845
400,-0.498413
401,0.778778
402,-0.502441
403,0.115967
404,0.253418
405,0.079437
406,-0.110199
407,0.292084
408,-0.073364
409,-0.018219
410,0.129486
411,0.065826
412,-0.122742
413,-0.397797
414,-0.603607
415,0.782776
416,-0.327606
417,-0.002197
418,0.207550
419,0.203857
420,-0.235474
421,0.346802
422,-0.057709
423,-0.010986
424,0.067383
425,0.158722
426,-0.055664
427,-0.294983
428,-0.457611
429,-0.073639
430,0.596985
431,-0.494537
432,0.218292
433,0.317352
434,-0.159058
435,0.091309
436,0.174713
437,-0.047058
438,-0.097626
439,0.228760
440,0.005096
441,0.021851
442,-0.305725
443,-0.380615
444,-0.134369
445,0.528473
446,-0.428711
447,0.191101
448,0.312866
449,-0.145630
450,0.078613
451,0.184753
452,-0.038330
453,-0.093933
454,0.237701
455,-0.006409
456,0.070435
457,-0.253204
458,-0.373291
459,-0.438080
460,0.757538
461,-0.460358
462,0.114594
463,0.331757
464,-0.049683
465,-0.029846
466,0.229462
467,-0.044922
468,-0.132690
469,0.209869
470,-0.002075
471,0.112061
472,-0.127594
473,-0.277710
474,-0.668457
475,0.510437
476,0.112823
477,-0.282288
478,0.239899
479,0.312866
480,-0.264709
481,0.205811
482,0.083008
483,-0.075653
484,-0.052185
485,0.218567
486,0.074982
487,-0.030212
488,-0.073547
489,-0.389008
490,-0.677856
491,0.676636
492,-0.049286
493,-0.163696
494,0.212036
495,0.323669
496,-0.268097
497,0.204071
498,0.068695
499,-0.098267
500,-0.035156
501,0.191681
502,0.093719
503,-0.030182
504,-0.064880
505,-0.358643
506,-0.544220
507,0.336365
508,0.269531
509,-0.285919
510,0.155853
511,0.377747
512,-0.156342
513,0.040985
514,0.091156
515,-0.062592
516,-0.076813
517,0.187836
518,0.171448
519,0.009979
520,-0.041046
521,-0.198486
522,-0.421753
523,-0.446503
524,0.609833
525,-0.133057
526,-0.054657
527,0.274048
528,0.213928
529,-0.131561
530,0.038361
531,0.031311
532,-0.072540
533,0.055359
534,0.134918
535,0.136444
536,-0.013428
537,-0.019440
538,-0.251068
539,-0.358185
540,-0.428070
541,0.468872
542,0.015717
543,-0.064270
544,0.168762
545,0.244843
546,-0.043518
547,-0.047668
548,0.012054
549,-0.009369
550,0.019897
551,0.108429
552,0.178711
553,0.013245
554,-0.048828
555,-0.130219
556,-0.268402
557,-0.334381
558,-0.198486
559,0.450714
560,0.034698
561,-0.060974
562,0.144226
563,0.200104
564,0.028595
565,-0.123474
566,-0.023132
567,0.036469
568,0.080139
569,0.067688
570,0.107758
571,0.030426
572,-0.024902
573,-0.113068
574,-0.214691
575,-0.232391
576,-0.295013
577,0.120392
578,0.193115
579,0.153961
580,0.017914
581,0.012482
582,0.113739
583,0.075317
584,-0.040222
585,-0.092926
586,-0.019104
587,0.074463
588,0.133698
589,0.061554
590,0.029907
591,-0.024384
592,-0.077271
593,-0.168060
594,-0.209869
595,-0.298920
596,-0.056915
597,0.144073
598,0.278687
599,0.163788
600,0.039459
601,-0.000397
602,0.011871
603,0.012360
604,-0.051941
605,-0.039734
606,0.013428
607,0.098877
608,0.105133
609,0.084290
610,-0.013214
611,-0.092010
612,-0.157227
613,-0.170563
614,-0.194763
615,-0.145355
616,-0.031372
617,0.216187
618,0.231049
619,0.151215
620,0.030304
621,0.010773
622,-0.024780
623,-0.010376
624,-0.044006
625,-0.003845
626,0.009644
627,0.086731
628,0.098969
629,0.069458
630,-0.027161
631,-0.128815
632,-0.149506
633,-0.140350
634,-0.120911
635,-0.185303
636,-0.077759
637,0.140869
638,0.255768
639,0.211029
640,0.050720
641,-0.004547
642,-0.032532
643,0.002747
644,-0.027435
645,-0.018646
646,-0.013702
647,0.056458
648,0.099182
649,0.077515
650,-0.009491
651,-0.096771
652,-0.136536
653,-0.129791
654,-0.107483
655,-0.134338
656,-0.113525
657,-0.014984
658,0.224976
659,0.241577
660,0.152832
661,0.013641
662,-0.015350
663,-0.017944
664,-0.004761
665,-0.028198
666,-0.033752
667,0.012634
668,0.070190
669,0.088593
670,0.044556
671,-0.036133
672,-0.115387
673,-0.121735
674,-0.092072
675,-0.078461
676,-0.098541
677,-0.145355
678,-0.024506
679,0.158478
680,0.232666
681,0.176483
682,0.039185
683,-0.009979
684,-0.019257
685,-0.006989
686,-0.013672
687,-0.039520
688,-0.013824
689,0.037201
690,0.079010
691,0.062683
692,-0.012207
693,-0.093597
694,-0.116547
695,-0.092468
696,-0.061920
697,-0.059509
698,-0.066650
699,-0.091827
700,-0.016602
701,0.137909
702,0.203308
703,0.159119
704,0.044037
705,-0.017426
706,-0.017700
707,-0.006805
708,-0.010773
709,-0.021820
710,0.001343
711,0.045227
712,0.053741
713,0.015564
714,-0.050690
715,-0.098175
716,-0.097046
717,-0.068695
718,-0.041229
719,-0.039337
720,-0.052460
721,-0.046204
722,0.001373
723,0.076630
724,0.133087
725,0.133179
726,0.076904
727,0.023895
728,-0.003906
729,-0.005035
730,0.000885
731,0.004364
732,0.005981
733,0.010345
734,0.001495
735,-0.019165
736,-0.053680
737,-0.088654
738,-0.092499
739,-0.059967
740,-0.026001
741,-0.009247
742,-0.004272
743,-0.001282
744,0.016937
745,0.028046
746,0.040222
747,0.065979
748,0.092682
749,0.083862
750,0.051575
751,0.023987
752,0.002563
753,-0.007446
754,-0.025543
755,-0.051422
756,-0.067230
757,-0.059509
758,-0.041412
759,-0.022552
760,-0.030853
761,-0.044769
762,-0.014435
763,0.025269
764,0.044891
765,0.051178
766,0.051544
767,0.042389
768,0.037292
769,0.026550
770,-0.010223
771,-0.032806
772,-0.026642
773,-0.015686
774,-0.028992
775,-0.037537
776,-0.014862
777,0.006256
778,0.012177
779,-0.005096
780,0.011658
781,0.033020
782,0.022491
783,0.013611
784,0.014587
785,0.019531
786,0.021454
787,0.014557
788,0.001801
789,-0.000702
790,-0.009338
791,-0.013123
792,-0.037140
793,-0.054718
794,-0.040405
795,-0.015961
796,0.010132
797,0.007263
798,-0.010651
799,-0.017273
800,0.002838
801,0.028137
802,0.043274
803,0.042023
804,0.042389
805,0.052155
806,0.041687
807,0.020966
808,-0.008209
809,-0.031158
810,-0.020142
811,-0.018951
812,-0.030060
813,-0.026825
814,-0.031189
815,-0.039246
816,-0.021790
817,-0.018036
818,-0.004089
819,0.018646
820,0.017914
821,0.000824
822,-0.006622
823,0.013794
824,0.027252
825,0.035370
826,0.036133
827,0.037872
828,0.041229
829,0.038605
830,0.009766
831,-0.036346
832,-0.054626
833,-0.037933
834,-0.024933
835,-0.022095
836,-0.019562
837,-0.027039
838,-0.014404
839,0.010010
840,0.007782
841,-0.001923
842,-0.001373
843,0.011200
844,0.015167
845,0.011414
846,0.011902
847,0.014862
848,0.029907
849,0.025543
850,0.024231
851,0.025818
852,0.006714
853,-0.012573
854,-0.019440
855,-0.025238
856,-0.030273
857,-0.023285
858,-0.015533
859,-0.011261
860,-0.003601
861,0.002686
862,-0.008545
863,-0.005646
864,0.003662
865,0.006592
866,0.008698
867,0.012665
868,0.012695
869,0.010590
870,0.018097
871,0.019470
872,0.004791
873,0.003510
874,0.002502
875,0.000366
876,-0.000244
877,-0.010193
878,-0.016876
879,-0.017426
880,-0.011261
881,-0.000885
882,-0.000305
883,-0.010498
884,-0.004364
885,0.010315
886,0.004425
887,-0.003174
888,0.001404
889,0.006744
890,0.011322
891,0.006500
892,0.005676
893,0.005188
894,0.001068
895,-0.002350
896,-0.004547
897,0.001099
898,0.001862
899,-0.003479
900,-0.003296
901,-0.000702
902,-0.004486
903,-0.004333
904,-0.004730
905,-0.003967
906,0.006500
907,0.008484
908,0.003387
909,0.002350
910,0.001282
911,0.002808
912,-0.000458
913,-0.003998
914,-0.002197
915,-0.001770
916,0.000793
917,-0.000641
918,-0.003479
919,-0.001984
920,-0.001007
921,0.001831
922,0.002594
923,0.003784
924,0.004913
925,0.001678
926,0.005493
927,0.002258
928,-0.004242
929,-0.007202
930,-0.006378
931,0.001007
932,-0.002350
933,-0.004639
934,0.001404
935,0.002533
936,0.004059
937,-0.002380
938,-0.005585
939,0.002533
940,0.003204
941,0.000336
942,0.002350
943,0.002014
944,-0.000519
945,-0.003235
946,-0.001617
947,-0.000061
948,0.000153
949,-0.003143
950,-0.002319
951,-0.000671
952,-0.001099
953,-0.001587
954,-0.002350
955,0.001678
956,0.003418
957,0.003052
958,0.002289
959,-0.002289
960,-0.006531
961,-0.002319
962,0.001221
963,0.001038
964,0.001282
965,0.002014
966,0.000305
967,-0.000092
968,-0.001007
969,-0.003510
970,-0.004364
971,-0.002472
972,0.000122
973,-0.000885
974,-0.001038
975,0.000183
976,-0.000305
977,0.001312
978,0.001373
979,0.000305
980,0.000885
981,0.002777
982,0.001373
983,0.000061
984,-0.000092
985,-0.002808
986,-0.004456
987,-0.003876
988,-0.003540
989,-0.001892
990,-0.000580
991,0.000214
992,0.001587
993,0.001862
994,0.001740
995,0.002625
996,0.001129
997,0.001068
998,0.000061
999,-0.000641
1000,-0.001556
1001,-0.002167
1002,-0.002625
1003,-0.002686
1004,-0.001068
1005,0.000092
1006,-0.000153
1007,-0.000336
1008,-0.000977
1009,-0.000519
1010,-0.000763
1011,-0.001282
1012,-0.000122
1013,0.000214
1014,0.001526
1015,0.002014
1016,0.001373
1017,0.000641
1018,0.000336
1019,-0.000336
1020,-0.000366
1021,-0.000977
1022,-0.001465
1023,-0.001465
1024,-0.001526
1025,-0.001465
1026,-0.001892
1027,-0.001190
1028,0.000031
1029,0.000427
1030,0.000824
1031,0.001312
1032,0.001312
1033,0.000671
1034,-0.000702
1035,-0.000946
1036,-0.001312
1037,-0.000854
1038,-0.000488
1039,-0.000549
1040,-0.000366
1041,-0.000610
1042,0.000031
1043,0.000519
1044,0.000061
1045,-0.000488
1046,-0.000183
1047,-0.000061
1048,-0.000244
1049,-0.000061
1050,-0.000275
1051,-0.000763
1052,-0.000763
1053,-0.000214
1054,0.000092
1055,-0.000092
1056,0.000092
1057,0.000031
1058,-0.000061
1059,-0.000153
1060,0.000000
1061,-0.000244
1062,-0.000427
1063,-0.000031
1064,0.000214
1065,0.000366
1066,0.000244
1067,-0.000061
1068,-0.000702
1069,-0.001312
1070,-0.001129
1071,-0.001251
1072,-0.000671
1073,0.000061
1074,0.000244
1075,0.000122
1076,0.000031
1077,0.000854
1078,0.000946
1079,0.000366
1080,-0.000366
1081,-0.000549
1082,-0.000244
1083,-0.000336
1084,-0.000763
1085,-0.000977
1086,-0.000793
1087,-0.000641
1088,-0.000275
1089,-0.000519
1090,-0.000214
1091,-0.000305
1092,-0.000214
1093,0.000275
1094,0.000854
1095,0.000977
1096,0.000519
1097,0.000305
1098,0.000183
1099,-0.000275
1100,-0.000214
1101,-0.000397
1102,-0.000763
1103,-0.001190
1104,-0.001099
1105,-0.000488
1106,-0.000427
1107,-0.000427
1108,-0.000214
1109,0.000122
1110,0.000153
1111,0.000183
1112,0.000000
1113,0.000153
1114,0.000031
1115,-0.000153
1116,0.000031
1117,0.000305
1118,0.000305
1119,-0.000397
1120,-0.000763
1121,-0.000488
1122,-0.000336
1123,-0.000275
1124,-0.000336
1125,-0.000305
1126,-0.000183
1127,-0.000092
1128,0.000092
1129,0.000061
1130,0.000000
1131,0.000183
1132,0.000305
1133,0.000336
1134,0.000000
1135,-0.000275
1136,-0.000061
1137,-0.000031
1138,-0.000183
1139,0.000000
1140,0.000092
1141,0.000153
1142,-0.000244
1143,-0.001068
1144,-0.001190
1145,-0.000763
1146,-0.000366
1147,-0.000488
1148,-0.000397
1149,0.000061
1150,0.000580
1151,0.000763
1152,0.000641
1153,0.000366
1154,0.000519
1155,0.000488
1156,0.000092
1157,-0.000153
1158,-0.000519
1159,-0.000549
1160,-0.000671
1161,-0.000732
1162,-0.000366
1163,-0.000061
1164,0.000122
1165,0.000275
1166,-0.000092
1167,-0.000458
1168,-0.000305
1169,-0.000061
1170,-0.000336
1171,-0.000397
1172,-0.000092
1173,0.000336
1174,0.000458
1175,0.000275
1176,0.000061
1177,0.000153
1178,0.000183
1179,0.000153
1180,0.000275
1181,0.000000
1182,-0.000122
1183,-0.000305
1184,-0.000641
1185,-0.000671
1186,-0.000610
1187,-0.000549
1188,-0.000153
1189,0.000153
1190,0.000092
1191,0.000031
1192,0.000214
1193,0.000122
1194,-0.000031
1195,-0.000214
1196,-0.000061
1197,0.000061
1198,0.000061
1199,-0.000061
1200,-0.000092
1201,-0.000031
1202,0.000000
1203,0.000031
1204,0.000000
1205,-0.000275
1206,-0.000610
1207,-0.000793
1208,-0.000793
1209,-0.000519
1210,-0.000183
1211,0.000000
1212,0.000214
1213,0.000488
1214,0.000702
1215,0.000580
1216,0.000610
1217,0.000580
1218,0.000244
1219,-0.000183
1220,-0.000366
1221,-0.000427
1222,-0.000702
1223,-0.000854
1224,-0.000702
1225,-0.000549
1226,-0.000488
1227,-0.000366
1228,-0.000153
1229,0.000244
1230,0.000488
1231,0.000458
1232,0.000397
1233,0.000458
1234,0.000214
1235,-0.000305
1236,-0.000488
1237,-0.000519
1238,-0.000549
1239,-0.000366
1240,-0.000183
1241,0.000061
1242,0.000214
1243,0.000275
1244,0.000458
1245,0.000336
1246,0.000000
1247,-0.000092
1248,-0.000214
1249,-0.000397
1250,-0.000397
1251,-0.000458
1252,-0.000305
1253,-0.000183
1254,-0.000092
1255,0.000153
1256,0.000275
1257,0.000092
1258,0.000000
1259,-0.000092
1260,-0.000305
1261,-0.000336
1262,-0.000214
1263,-0.000305
1264,-0.000153
1265,0.000092
1266,0.000366
1267,0.000580
1268,0.000580
1269,0.000366
1270,0.000000
1271,-0.000061
1272,-0.000214
1273,-0.000366
1274,-0.000458
1275,-0.000458
1276,-0.000580
1277,-0.000427
1278,-0.000214
1279,-0.000031
1280,0.000031
1281,0.000000
1282,0.000000
1283,0.000031
1284,-0.000031
1285,-0.000092
1286,0.000000
1287,0.000183
1288,0.000244
1289,0.000244
1290,0.000153
1291,0.000092
1292,-0.000244
1293,-0.000397
1294,-0.000275
1295,-0.000244
1296,-0.000336
1297,-0.000305
1298,-0.000244
1299,-0.000031
1300,0.000092
1301,0.000183
1302,0.000275
1303,0.000275
1304,0.000153
1305,0.000000
1306,-0.000153
1307,-0.000153
1308,-0.000366
1309,-0.000641
1310,-0.000549
1311,-0.000336
1312,-0.000153
1313,-0.000061
1314,0.000061
1315,0.000122
1316,0.000000
1317,0.000000
1318,0.000153
1319,0.000275
1320,0.000183
1321,0.000000
1322,-0.000122
1323,-0.000275
1324,-0.000427
1325,-0.000427
1326,-0.000488
1327,-0.000397
1328,-0.000153
1329,0.000000
1330,0.000031
1331,0.000092
1332,0.000031
1333,0.000122
1334,0.000092
1335,0.000061
1336,0.000153
1337,0.000122
1338,-0.000092
1339,-0.000397
1340,-0.000427
1341,-0.000458
1342,-0.000427
1343,-0.000458
1344,-0.000397
1345,-0.000092
1346,0.000092
1347,0.000183
1348,0.000183
1349,0.000336
1350,0.000244
1351,0.000000
1352,-0.000092
1353,-0.000122
1354,-0.000244
1355,-0.000214
1356,-0.000305
1357,-0.000336
1358,-0.000275
1359,-0.000244
1360,-0.000153
1361,-0.000183
1362,-0.000275
1363,-0.000153
1364,0.000000
1365,0.000061
1366,0.000153
1367,0.000092
1368,0.000031
1369,0.000061
1370,-0.000031
1371,0.000000
1372,0.000031
1373,0.000031
1374,0.000000
1375,0.000000
1376,-0.000183
1377,-0.000244
1378,-0.000305
1379,-0.000610
1380,-0.000641
1381,-0.000427
1382,-0.000153
1383,0.000000
1384,0.000031
1385,0.000153
1386,0.000244
1387,0.000305
1388,0.000427
1389,0.000427
1390,0.000244
1391,-0.000031
1392,-0.000397
1393,-0.000641
1394,-0.000793
1395,-0.000885
1396,-0.000793
1397,-0.000549
1398,-0.000305
1399,0.000092
1400,0.000336
1401,0.000458
1402,0.000610
1403,0.000671
1404,0.000580
1405,0.000366
1406,0.000153
1407,-0.000061
1408,-0.000366
1409,-0.000580
1410,-0.000671
1411,-0.000793
1412,-0.000977
1413,-0.000916
1414,-0.000610
1415,-0.000122
1416,0.000183
1417,0.000397
1418,0.000549
1419,0.000702
1420,0.000702
1421,0.000488
1422,0.000305
1423,0.000153
1424,-0.000031
1425,-0.000336
1426,-0.000549
1427,-0.000641
1428,-0.000549
1429,-0.000641
1430,-0.000458
1431,-0.000336
1432,-0.000214
1433,0.000000
1434,0.000244
1435,0.000366
1436,0.000336
1437,0.000244
1438,0.000000
1439,-0.000183
1440,-0.000214
1441,-0.000244
1442,-0.000427
1443,-0.000458
1444,-0.000275
1445,-0.000122
1446,0.000000
1447,0.000244
1448,0.000305
1449,0.000458
1450,0.000336
1451,0.000061
1452,-0.000031
1453,-0.000183
1454,-0.000336
1455,-0.000519
1456,-0.000519
1457,-0.000488
1458,-0.000305
1459,-0.000214
1460,-0.000061
1461,0.000092
1462,0.000214
1463,0.000305
1464,0.000275
1465,0.000305
1466,0.000214
1467,0.000000
1468,-0.000122
1469,-0.000244
1470,-0.000366
1471,-0.000366
1472,-0.000244
1473,-0.000122
1474,0.000000
1475,0.000092
1476,0.000122
1477,0.000000
1478,-0.000305
1479,-0.000366
1480,-0.000305
1481,-0.000336
1482,-0.000336
1483,-0.000183
1484,0.000000
1485,0.000244
1486,0.000183
1487,0.000305
1488,0.000336
1489,0.000244
1490,0.000122
1491,0.000000
1492,-0.000244
1493,-0.000397
1494,-0.000366
1495,-0.000580
1496,-0.000580
1497,-0.000275
1498,0.000000
1499,0.000275
1500,0.000397
1501,0.000397
1502,0.000214
1503,0.000092
1504,0.000000
1505,-0.000214
1506,-0.000366
1507,-0.000458
1508,-0.000519
1509,-0.000549
1510,-0.000305
1511,-0.000061
1512,0.000122
1513,0.000244
1514,0.000336
1515,0.000183
1516,0.000031
1517,-0.000092
1518,-0.000275
1519,-0.000122
1520,0.000000
1521,0.000092
1522,0.000244
1523,0.000275
1524,0.000244
1525,0.000000
1526,-0.000122
1527,-0.000153
1528,-0.000275
1529,-0.000458
1530,-0.000610
1531,-0.000671
1532,-0.000702
1533,-0.000488
1534,-0.000122
1535,0.000183
1536,0.000427
1537,0.000580
1538,0.000549
1539,0.000519
1540,0.000244
1541,-0.000092
1542,-0.000336
1543,-0.000458
1544,-0.000488
1545,-0.000427
1546,-0.000366
1547,-0.000305
1548,-0.000153
1549,0.000061
1550,0.000305
1551,0.000458
1552,0.000458
1553,0.000275
1554,0.000061
1555,-0.000214
1556,-0.000427
1557,-0.000488
1558,-0.000397
1559,-0.000305
1560,-0.000183
1561,-0.000031
1562,0.000092
1563,0.000092
1564,0.000000
1565,0.000000
1566,0.000122
1567,0.000092
1568,0.000092
1569,-0.000031
1570,-0.000183
1571,-0.000305
1572,-0.000153
1573,-0.000031
1574,-0.000061
1575,-0.000031
1576,-0.000061
1577,0.000000
1578,-0.000031
1579,-0.000153
1580,-0.000061
1581,-0.000061
1582,-0.000153
1583,-0.000275
1584,-0.000214
1585,-0.000153
1586,-0.000092
1587,0.000061
1588,0.000122
1589,0.000244
1590,0.000336
1591,0.000336
1592,0.000214
1593,0.000000
1594,-0.000275
1595,-0.000336
1596,-0.000244
1597,-0.000214
1598,-0.000153
1599,-0.000122
1600,-0.000122
1601,-0.000031
1602,-0.000153
1603,0.000000
1604,0.000000
1605,-0.000061
1606,-0.000153
1607,-0.000153
1608,-0.000305
1609,-0.000214
1610,-0.000122
1611,-0.000244
1612,-0.000122
1613,0.000092
1614,0.000244
1615,0.000244
1616,0.000214
1617,0.000061
1618,-0.000031
1619,-0.000031
1620,0.000000
1621,-0.000031
1622,-0.000092
1623,-0.000275
1624,-0.000366
1625,-0.000488
1626,-0.000397
1627,-0.000305
1628,-0.000275
1629,-0.000244
1630,-0.000061
1631,-0.000031
1632,0.000031
1633,0.000122
1634,0.000092
1635,0.000214
1636,0.000244
1637,0.000214
1638,0.000092
1639,-0.000061
1640,-0.000305
1641,-0.000397
1642,-0.000305
1643,-0.000214
1644,-0.000122
1645,0.000092
1646,0.000031
1647,0.000000
1648,-0.000061
1649,-0.000092
1650,-0.000092
1651,-0.000092
1652,-0.000183
1653,-0.000183
1654,-0.000122
1655,-0.000092
1656,-0.000092
1657,-0.000092
1658,-0.000092
1659,0.000061
1660,0.000244
1661,0.000214
1662,0.000183
1663,0.000031
1664,-0.000092
1665,-0.000214
1666,-0.000244
1667,-0.000183
1668,-0.000061
1669,-0.000061
1670,-0.000122
1671,-0.000214
1672,-0.000214
1673,-0.000214
1674,-0.000305
1675,-0.000275
1676,-0.000183
1677,0.000000
1678,0.000061
1679,0.000122
1680,0.000031
1681,0.000031
1682,0.000122
1683,0.000153
1684,0.000214
1685,0.000122
1686,0.000000
1687,-0.000214
1688,-0.000336
1689,-0.000427
1690,-0.000427
1691,-0.000366
1692,-0.000336
1693,-0.000275
1694,-0.000153
1695,0.000000
1696,0.000092
1697,0.000214
1698,0.000366
1699,0.000305
1700,0.000214
1701,0.000153
1702,-0.000031
1703,-0.000275
1704,-0.000397
1705,-0.000458
1706,-0.000397
1707,-0.000244
1708,-0.000153
1709,-0.000092
1710,-0.000031
1711,0.000031
1712,0.000122
1713,0.000122
1714,0.000000
1715,0.000000
1716,-0.000061
1717,-0.000092
1718,-0.000153
1719,-0.000061
1720,-0.000061
1721,0.000000
1722,-0.000031
1723,-0.000061
1724,-0.000153
1725,-0.000153
1726,-0.000214
1727,-0.000366
1728,-0.000366
1729,-0.000214
1730,0.000000
1731,0.000000
1732,0.000000
1733,0.000031
1734,0.000031
1735,0.000183
1736,0.000244
1737,0.000214
1738,0.000122
1739,-0.000031
1740,-0.000183
1741,-0.000336
1742,-0.000336
1743,-0.000275
1744,-0.000244
1745,-0.000244
1746,-0.000092
1747,-0.000031
1748,0.000000
1749,0.000031
1750,-0.000031
1751,-0.000061
1752,-0.000061
1753,0.000031
1754,0.000061
1755,0.000000
1756,-0.000031
1757,-0.000122
1758,-0.000092
1759,-0.000031
1760,0.000031
1761,0.000031
1762,-0.000031
1763,-0.000092
1764,-0.000275
1765,-0.000275
1766,-0.000183
1767,-0.000092
1768,-0.000092
1769,0.000000
1770,0.000092
1771,0.000183
1772,0.000122
1773,0.000000
1774,-0.000122
1775,-0.000153
1776,-0.000153
1777,-0.000153
1778,-0.000183
1779,-0.000275
1780,-0.000305
1781,-0.000153
1782,0.000000
1783,0.000122
1784,0.000244
1785,0.000214
1786,0.000122
1787,0.000031
1788,-0.000061
1789,-0.000153
1790,-0.000122
1791,-0.000214
1792,-0.000214
1793,-0.000153
1794,-0.000153
1795,-0.000122
1796,-0.000122
1797,-0.000214
1798,-0.000153
1799,-0.000031
1800,0.000000
1801,0.000092
1802,0.000031
1803,0.000000
1804,-0.000031
1805,-0.000031
1806,0.000122
1807,0.000092
1808,0.000000
1809,-0.000061
1810,-0.000183
1811,-0.000275
1812,-0.000305
1813,-0.000305
1814,-0.000336
1815,-0.000305
1816,-0.000122
1817,0.000000
1818,0.000061
1819,0.000122
1820,0.000122
1821,0.000153
1822,0.000122
1823,0.000061
1824,0.000000
1825,-0.000214
1826,-0.000366
1827,-0.000366
1828,-0.000305
1829,-0.000244
1830,-0.000122
1831,0.000122
1832,0.000183
1833,0.000305
1834,0.000244
1835,0.000183
1836,0.000122
1837,0.000000
1838,-0.000336
1839,-0.000793
1840,-0.000916
1841,-0.000824
1842,-0.000671
1843,-0.000488
1844,-0.000153
1845,0.000153
1846,0.000397
1847,0.000549
1848,0.000610
1849,0.000580
1850,0.000275
1851,-0.000183
1852,-0.000153
1853,-0.000092
1854,-0.000397
1855,-0.000427
1856,-0.000519
1857,-0.000610
1858,-0.000336
1859,0.000000
1860,0.000061
1861,-0.000061
1862,0.000122
1863,0.000061
1864,0.000214
1865,-0.000153
1866,-0.000458
1867,-0.000183
1868,-0.000214
1869,-0.000305
1870,-0.000031
1871,0.000000
1872,0.000000
1873,0.000031
1874,0.000092
1875,0.000153
1876,-0.000031
1877,-0.000214
1878,0.000214
1879,0.000122
1880,0.000061
1881,0.000000
1882,0.000153
1883,-0.000366
1884,-0.000885
1885,-0.001160
1886,-0.001984
1887,-0.001221
1888,-0.000275
1889,-0.000092
1890,-0.000183
1891,-0.000061
1892,0.000488
1893,0.001190
1894,0.001740
1895,0.002136
1896,0.001801
1897,0.000153
1898,-0.000366
1899,-0.001404
1900,-0.003021
1901,-0.003906
1902,-0.003418
1903,-0.002716
1904,-0.001312
1905,-0.000854
1906,-0.000183
1907,0.000488
1908,0.001190
1909,0.002014
1910,0.001648
1911,0.002289
1912,0.002197
1913,0.002014
1914,0.001801
1915,0.000977
1916,-0.000031
1917,-0.001282
1918,-0.002319
1919,-0.002716
1920,-0.003052
1921,-0.003967
1922,-0.003174
1923,-0.002563
1924,-0.003601
1925,-0.003113
1926,-0.000397
1927,0.006805
1928,0.005157
1929,-0.003387
1930,0.000427
1931,0.008209
1932,0.032227
1933,0.018494
1934,-0.016846
1935,-0.023773
1936,-0.008698
1937,-0.004852
1938,-0.013916
1939,-0.006409
1940,-0.001404
1941,-0.009125
1942,0.002045
1943,-0.005249
1944,-0.018005
1945,0.009369
1946,0.016602
1947,0.011841
1948,0.032562
1949,0.023926
1950,-0.002136
1951,-0.005737
1952,-0.005890
1953,-0.007812
1954,-0.000763
1955,0.014984
1956,0.000244
1957,-0.003143
1958,-0.012878
1959,-0.027100
1960,-0.044281
1961,-0.032288
1962,-0.090332
1963,0.048523
1964,0.049805
1965,-0.003082
1966,0.055023
1967,0.043396
1968,0.015167
1969,0.046570
1970,0.021210
1971,-0.045898
1972,0.002380
1973,0.029968
1974,-0.011597
1975,-0.058594
1976,-0.062775
1977,-0.056183
1978,-0.107513
1979,-0.021973
1980,0.106323
1981,0.014160
1982,0.024414
1983,0.079529
1984,0.021790
1985,0.042938
1986,0.065247
1987,0.059204
1988,0.024628
1989,-0.007355
1990,-0.039154
1991,-0.066315
1992,-0.067719
1993,-0.070312
1994,-0.072815
1995,-0.146759
1996,0.003326
1997,0.182007
1998,0.051666
1999,0.006409
2000,0.070129
2001,0.014679
2002,0.008911
2003,0.023346
2004,-0.016785
2005,-0.024750
2006,0.000336
2007,0.028229
2008,0.032288
2009,0.039551
2010,0.030426
2011,0.003815
2012,-0.052704
2013,-0.076996
2014,-0.023132
2015,-0.050690
2016,-0.103607
2017,-0.092377
2018,-0.125885
2019,0.123718
2020,0.131531
2021,-0.016785
2022,0.077423
2023,0.072021
2024,-0.041077
2025,-0.018860
2026,0.016357
2027,-0.017731
2028,0.011932
2029,0.065674
2030,0.046265
2031,0.041046
2032,0.021881
2033,-0.064697
2034,-0.090820
2035,-0.052032
2036,-0.085907
2037,-0.117737
2038,-0.136414
2039,-0.109467
2040,0.219177
2041,0.162598
2042,-0.049866
2043,0.080627
2044,0.112244
2045,-0.029236
2046,-0.051208
2047,0.020020
2048,-0.024689
2049,-0.039612
2050,0.058838
2051,0.083801
2052,0.040070
2053,0.020813
2054,-0.018066
2055,-0.082642
2056,-0.095428
2057,-0.079041
2058,-0.108612
2059,-0.140106
2060,-0.152618
2061,0.057220
2062,0.249542
2063,0.081177
2064,0.029205
2065,0.113556
2066,0.061951
2067,-0.040405
2068,-0.015137
2069,0.015045
2070,-0.039673
2071,-0.006470
2072,0.074310
2073,0.078033
2074,0.024872
2075,-0.018860
2076,-0.036072
2077,-0.105225
2078,-0.087921
2079,-0.094025
2080,-0.116394
2081,-0.209076
2082,-0.043396
2083,0.208527
2084,0.153778
2085,0.108459
2086,0.048187
2087,0.029602
2088,0.035034
2089,0.001434
2090,-0.034973
2091,-0.066223
2092,-0.028198
2093,0.030975
2094,0.043976
2095,0.056213
2096,0.022888
2097,-0.012207
2098,-0.043610
2099,-0.061829
2100,-0.077057
2101,-0.076080
2102,-0.061829
2103,-0.068848
2104,-0.107819
2105,0.041595
2106,0.172852
2107,0.182648
2108,0.087830
2109,-0.001831
2110,-0.010315
2111,-0.014618
2112,-0.016357
2113,-0.038422
2114,-0.025482
2115,0.032196
2116,0.074890
2117,0.081055
2118,0.030365
2119,-0.045685
2120,-0.094055
2121,-0.103302
2122,-0.082306
2123,-0.072418
2124,-0.082458
2125,-0.143890
2126,0.035980
2127,0.193298
2128,0.204010
2129,0.098511
2130,-0.002686
2131,-0.005157
2132,-0.011139
2133,-0.002594
2134,-0.032379
2135,-0.030243
2136,0.016571
2137,0.073822
2138,0.089417
2139,0.026855
2140,-0.050293
2141,-0.106903
2142,-0.095703
2143,-0.073944
2144,-0.070251
2145,-0.097260
2146,-0.151611
2147,0.037750
2148,0.211609
2149,0.222778
2150,0.098236
2151,-0.019043
2152,-0.021606
2153,-0.011383
2154,0.006439
2155,-0.022156
2156,-0.033508
2157,0.015259
2158,0.065399
2159,0.069458
2160,0.024139
2161,-0.043488
2162,-0.083527
2163,-0.081970
2164,-0.078796
2165,-0.091370
2166,-0.109131
2167,-0.135712
2168,0.049530
2169,0.212128
2170,0.217926
2171,0.098297
2172,-0.013092
2173,-0.020020
2174,-0.016937
2175,0.001556
2176,-0.019043
2177,-0.025696
2178,0.023376
2179,0.061493
2180,0.066986
2181,0.009003
2182,-0.054901
2183,-0.094513
2184,-0.088928
2185,-0.083832
2186,-0.095673
2187,-0.134094
2188,-0.109924
2189,0.104492
2190,0.237946
2191,0.214172
2192,0.067657
2193,-0.025360
2194,-0.020630
2195,-0.014984
2196,-0.012482
2197,-0.030304
2198,-0.020416
2199,0.045166
2200,0.074249
2201,0.054626
2202,-0.017334
2203,-0.077820
2204,-0.094330
2205,-0.087097
2206,-0.085541
2207,-0.093903
2208,-0.138794
2209,-0.016937
2210,0.167969
2211,0.217529
2212,0.155182
2213,0.024597
2214,-0.020294
2215,-0.021606
2216,-0.015381
2217,-0.011597
2218,-0.024597
2219,0.019073
2220,0.058807
2221,0.056183
2222,0.013428
2223,-0.055176
2224,-0.100250
2225,-0.095673
2226,-0.086914
2227,-0.074707
2228,-0.090179
2229,-0.084351
2230,0.066589
2231,0.177551
2232,0.187347
2233,0.094696
2234,-0.000702
2235,-0.018005
2236,-0.022675
2237,-0.013062
2238,-0.008392
2239,0.001282
2240,0.040985
2241,0.050659
2242,0.024506
2243,-0.031799
2244,-0.083160
2245,-0.101105
2246,-0.094147
2247,-0.074066
2248,-0.082581
2249,-0.069366
2250,0.051147
2251,0.148285
2252,0.168121
2253,0.098724
2254,0.011322
2255,-0.014435
2256,-0.023590
2257,-0.012329
2258,-0.002045
2259,-0.002106
2260,0.028412
2261,0.038025
2262,0.019104
2263,-0.015808
2264,-0.064178
2265,-0.089203
2266,-0.084259
2267,-0.069519
2268,-0.055389
2269,-0.067749
2270,-0.008240
2271,0.094666
2272,0.138519
2273,0.129333
2274,0.066681
2275,0.014038
2276,-0.008636
2277,-0.026276
2278,-0.028015
2279,-0.016663
2280,0.007202
2281,0.035065
2282,0.029205
2283,-0.003326
2284,-0.046356
2285,-0.075897
2286,-0.076630
2287,-0.064117
2288,-0.047607
2289,-0.039886
2290,-0.030945
2291,0.034851
2292,0.095093
2293,0.108734
2294,0.086914
2295,0.041565
2296,0.009552
2297,-0.013763
2298,-0.025482
2299,-0.018799
2300,0.002197
2301,0.026062
2302,0.023285
2303,-0.007202
2304,-0.041962
2305,-0.062042
2306,-0.063843
2307,-0.052887
2308,-0.035919
2309,-0.023376
2310,-0.024872
2311,0.004089
2312,0.053436
2313,0.078979
2314,0.082245
2315,0.059082
2316,0.027588
2317,0.002625
2318,-0.015900
2319,-0.019501
2320,-0.012085
2321,-0.001770
2322,-0.000122
2323,-0.010101
2324,-0.022339
2325,-0.038055
2326,-0.045441
2327,-0.038086
2328,-0.022156
2329,-0.004608
2330,0.001984
2331,0.001556
2332,0.005890
2333,0.017426
2334,0.030975
2335,0.041290
2336,0.042664
2337,0.035522
2338,0.018372
2339,0.001862
2340,-0.013763
2341,-0.024658
2342,-0.027466
2343,-0.022461
2344,-0.016510
2345,-0.014069
2346,-0.012848
2347,-0.012177
2348,-0.007202
2349,-0.003021
2350,-0.002136
2351,0.000763
2352,0.003540
2353,0.007172
2354,0.009796
2355,0.012360
2356,0.015717
2357,0.017303
2358,0.013947
2359,0.005554
2360,-0.003571
2361,-0.009827
2362,-0.010925
2363,-0.011444
2364,-0.010040
2365,-0.008820
2366,-0.005920
2367,-0.002655
2368,0.001984
2369,0.002838
2370,0.001648
2371,0.002167
2372,0.001678
2373,0.000458
2374,-0.000610
2375,0.000366
2376,0.002350
2377,0.004486
2378,0.004456
2379,0.000824
2380,-0.001862
2381,-0.004852
2382,-0.005920
2383,-0.004700
2384,-0.003845
2385,-0.001434
2386,0.001434
2387,0.001678
2388,0.001190
2389,0.001190
2390,0.002319
2391,0.002686
2392,0.001465
2393,0.000122
2394,-0.000885
2395,-0.002258
2396,-0.003082
2397,-0.001923
2398,-0.000977
2399,-0.001343
2400,-0.002350
2401,-0.001801
2402,-0.001465
2403,-0.003906
2404,-0.004913
2405,-0.005920
2406,0.035858
2407,0.000732
2408,-0.008606
2409,0.001434
2410,0.001953
2411,0.003540
2412,0.000458
2413,-0.004456
2414,-0.003418
2415,-0.002319
2416,-0.001465
2417,-0.002197
2418,0.001282
2419,0.002441
2420,0.004303
2421,-0.004486
2422,-0.007019
2423,-0.008759
2424,0.003296
2425,0.004608
2426,0.003479
2427,0.001343
2428,-0.020813
2429,0.010742
2430,0.019318
2431,0.002808
2432,-0.003540
2433,0.000275
2434,-0.014465
2435,-0.002289
2436,-0.007660
2437,-0.021027
2438,-0.003937
2439,0.002136
2440,0.016754
2441,-0.010803
2442,-0.012787
2443,-0.008514
2444,-0.010315
2445,0.002563
2446,-0.004852
2447,0.003815
2448,0.004150
2449,-0.008759
2450,0.012482
2451,-0.011688
2452,0.033325
2453,0.015778
2454,-0.022827
2455,-0.009979
2456,0.021606
2457,0.029175
2458,-0.015961
2459,-0.019135
2460,-0.021515
2461,-0.013153
2462,-0.015381
2463,-0.008179
2464,0.002594
2465,0.006958
2466,-0.000610
2467,-0.003754
2468,-0.016968
2469,0.000427
2470,0.001923
2471,0.013458
2472,0.000183
2473,-0.001709
2474,-0.000122
2475,-0.004272
2476,0.002808
2477,0.007355
2478,0.005371
2479,-0.001526
2480,0.006866
2481,0.022552
2482,0.011658
2483,0.004913
2484,0.004761
2485,0.003510
2486,-0.010223
2487,0.002136
2488,0.001678
2489,-0.002716
2490,-0.001984
2491,0.003479
2492,0.014587
2493,-0.003845
2494,-0.000824
2495,0.011414
2496,0.004913
2497,0.001373
2498,-0.011200
2499,-0.011627
2500,0.002869
2501,0.008698
2502,-0.006653
2503,0.000000
2504,0.010864
2505,-0.004181
2506,0.002930
2507,-0.010376
2508,-0.010437
2509,-0.009460
2510,0.000641
2511,0.004639
2512,0.004974
2513,-0.008453
2514,-0.007965
2515,0.000061
2516,0.010895
2517,0.002106
2518,0.002258
2519,0.004333
2520,0.002441
2521,0.002106
2522,0.014160
2523,0.004089
2524,-0.005920
2525,0.001556
2526,0.014160
2527,0.030334
2528,0.024292
2529,0.010956
2530,0.003784
2531,0.009186
2532,0.002625
2533,-0.017212
2534,-0.025574
2535,-0.021057
2536,-0.017487
2537,-0.029572
2538,-0.023773
2539,0.009857
2540,0.067963
2541,0.068939
2542,0.058502
2543,0.035645
2544,0.013977
2545,-0.000366
2546,-0.028412
2547,-0.057861
2548,-0.068604
2549,-0.081360
2550,-0.085052
2551,-0.141479
2552,-0.051636
2553,0.111359
2554,0.147858
2555,0.054169
2556,-0.016968
2557,-0.007599
2558,0.043427
2559,0.039520
2560,-0.013062
2561,-0.015656
2562,0.061646
2563,0.104889
2564,0.062958
2565,-0.003906
2566,-0.079559
2567,-0.130707
2568,-0.129211
2569,-0.138794
2570,-0.275879
2571,-0.068390
2572,0.256836
2573,0.247650
2574,-0.019958
2575,-0.128693
2576,0.040009
2577,0.141266
2578,0.012085
2579,-0.123352
2580,-0.023132
2581,0.145966
2582,0.172211
2583,0.036316
2584,-0.080261
2585,-0.086029
2586,-0.094879
2587,-0.134338
2588,-0.194061
2589,-0.371246
2590,-0.057068
2591,0.306946
2592,0.158752
2593,-0.138733
2594,-0.079254
2595,0.186371
2596,0.162262
2597,-0.093964
2598,-0.151245
2599,0.053802
2600,0.187775
2601,0.079132
2602,-0.024597
2603,0.005890
2604,0.004456
2605,-0.094604
2606,-0.183350
2607,-0.176483
2608,-0.236969
2609,0.038727
2610,0.459503
2611,0.340546
2612,-0.048309
2613,-0.032349
2614,0.188141
2615,0.101013
2616,-0.137115
2617,-0.108032
2618,0.089203
2619,0.089661
2620,-0.013702
2621,0.004822
2622,0.101685
2623,0.059113
2624,-0.080963
2625,-0.124146
2626,-0.081238
2627,-0.084839
2628,-0.162506
2629,-0.458374
2630,-0.047668
2631,0.205048
2632,-0.117584
2633,-0.147552
2634,0.241882
2635,0.302765
2636,-0.080536
2637,-0.113159
2638,0.126007
2639,0.059448
2640,-0.126923
2641,0.005981
2642,0.135712
2643,0.035370
2644,-0.070831
2645,-0.064880
2646,-0.049286
2647,-0.040070
2648,-0.096558
2649,-0.180054
2650,-0.530334
2651,-0.012115
2652,0.369568
2653,0.015259
2654,0.064606
2655,0.376221
2656,0.150299
2657,-0.217377
2658,-0.011078
2659,0.113617
2660,-0.129669
2661,-0.108643
2662,0.152435
2663,0.083374
2664,-0.031250
2665,0.087402
2666,0.037170
2667,-0.081085
2668,-0.047760
2669,-0.041168
2670,-0.103790
2671,-0.132111
2672,-0.395630
2673,0.006165
2674,-0.035583
2675,-0.342010
2676,0.140106
2677,0.403717
2678,0.019165
2679,-0.115540
2680,0.111542
2681,-0.058960
2682,-0.251556
2683,0.030792
2684,0.108673
2685,-0.029510
2686,0.112274
2687,0.134766
2688,-0.066345
2689,-0.074371
2690,-0.039825
2691,-0.090149
2692,-0.123535
2693,-0.171021
2694,-0.536072
2695,0.173218
2696,0.500427
2697,0.112366
2698,0.245911
2699,0.265594
2700,-0.225769
2701,-0.277649
2702,0.093964
2703,0.019897
2704,-0.104675
2705,0.124969
2706,0.092499
2707,-0.127716
2708,0.045105
2709,0.076935
2710,-0.097260
2711,-0.043884
2712,0.029144
2713,-0.041809
2714,-0.064148
2715,-0.060669
2716,-0.188354
2717,-0.543152
2718,0.122131
2719,0.279236
2720,0.000244
2721,0.285645
2722,0.142334
2723,-0.338745
2724,-0.187195
2725,0.143494
2726,-0.051178
2727,-0.100098
2728,0.133728
2729,-0.028259
2730,-0.150024
2731,0.075287
2732,0.062805
2733,-0.032867
2734,0.060089
2735,0.025208
2736,-0.071014
2737,-0.051910
2738,-0.052002
2739,-0.076111
2740,-0.068207
2741,0.165253
2742,0.183594
2743,-0.314331
2744,-0.162537
2745,0.372040
2746,0.148224
2747,-0.235138
2748,-0.032715
2749,0.138245
2750,-0.057739
2751,-0.083862
2752,0.051941
2753,-0.092285
2754,-0.091156
2755,0.086426
2756,0.019897
2757,-0.058258
2758,-0.010040
2759,0.005676
2760,-0.054443
2761,-0.055145
2762,-0.030273
2763,-0.060638
2764,-0.093964
2765,0.091492
2766,0.152649
2767,-0.099854
2768,-0.111755
2769,0.121704
2770,0.105927
2771,-0.128204
2772,-0.078278
2773,0.067108
2774,0.013000
2775,-0.074921
2776,-0.000702
2777,0.017181
2778,0.014374
2779,0.001038
2780,0.016083
2781,0.044708
2782,0.013397
2783,-0.031433
2784,-0.017670
2785,-0.021545
2786,-0.064636
2787,-0.056152
2788,-0.071625
2789,-0.256866
2790,0.215271
2791,0.357422
2792,-0.033539
2793,-0.045502
2794,0.094238
2795,0.118561
2796,-0.014465
2797,-0.101501
2798,-0.009857
2799,0.074310
2800,-0.005402
2801,-0.049286
2802,-0.014496
2803,0.025024
2804,0.026825
2805,-0.016754
2806,0.001556
2807,0.032684
2808,-0.009613
2809,-0.032990
2810,-0.017365
2811,-0.011597
2812,-0.038361
2813,-0.083191
2814,-0.217438
2815,0.142853
2816,0.268829
2817,0.094635
2818,-0.035828
2819,-0.090607
2820,0.083710
2821,0.070526
2822,-0.083099
2823,-0.064209
2824,0.001343
2825,0.026642
2826,0.003357
2827,-0.058441
2828,-0.028900
2829,0.038910
2830,0.010681
2831,-0.019684
2832,0.030731
2833,0.046783
2834,0.010468
2835,-0.009125
2836,-0.017212
2837,0.010651
2838,-0.007355
2839,-0.053864
2840,-0.071533
2841,-0.165558
2842,0.070160
2843,0.174225
2844,0.124481
2845,-0.005798
2846,-0.099884
2847,0.058350
2848,0.075775
2849,-0.026276
2850,-0.054321
2851,-0.047516
2852,0.028503
2853,0.041534
2854,-0.054626
2855,-0.039368
2856,0.012238
2857,0.011353
2858,-0.003540
2859,-0.001465
2860,0.026642
2861,0.054626
2862,0.029266
2863,-0.012817
2864,-0.015076
2865,-0.004852
2866,0.000458
2867,-0.042877
2868,-0.080383
2869,-0.149078
2870,0.030029
2871,0.162323
2872,0.135101
2873,-0.022705
2874,-0.089355
2875,0.072845
2876,0.071716
2877,-0.048859
2878,-0.056000
2879,-0.001404
2880,0.022797
2881,0.002838
2882,-0.050598
2883,-0.029968
2884,0.020905
2885,-0.000122
2886,-0.025421
2887,0.004456
2888,0.025604
2889,0.017456
2890,0.027252
2891,0.015656
2892,0.019592
2893,0.022949
2894,-0.019409
2895,-0.037964
2896,-0.025757
2897,-0.039642
2898,-0.061432
2899,-0.174377
2900,0.070831
2901,0.249023
2902,0.056152
2903,-0.064911
2904,0.025055
2905,0.084930
2906,0.002289
2907,-0.040741
2908,-0.021271
2909,0.007233
2910,0.001862
2911,-0.023285
2912,-0.041351
2913,-0.006073
2914,0.012054
2915,-0.023010
2916,-0.023132
2917,0.026245
2918,0.048889
2919,0.030762
2920,0.016205
2921,0.018738
2922,-0.008362
2923,-0.042755
2924,-0.037079
2925,-0.056030
2926,-0.086426
2927,-0.171448
2928,0.043884
2929,0.233154
2930,0.109955
2931,-0.027283
2932,0.000702
2933,0.063629
2934,0.012054
2935,-0.034821
2936,-0.003143
2937,0.026703
2938,-0.020386
2939,-0.047089
2940,-0.010101
2941,0.008240
2942,-0.021027
2943,-0.030121
2944,0.011871
2945,0.059174
2946,0.027313
2947,-0.015259
2948,0.012909
2949,0.033722
2950,0.022400
2951,-0.007111
2952,-0.047058
2953,-0.043640
2954,-0.034637
2955,-0.044586
2956,-0.048737
2957,-0.053711
2958,0.055084
2959,0.095520
2960,0.003937
2961,-0.040344
2962,-0.008423
2963,0.008575
2964,-0.012695
2965,-0.010834
2966,0.007080
2967,-0.002258
2968,-0.017792
2969,-0.009399
2970,-0.007996
2971,-0.022278
2972,-0.027588
2973,-0.020660
2974,-0.006073
2975,0.003662
2976,-0.005096
2977,0.005524
2978,0.025665
2979,0.015106
2980,0.007050
2981,-0.001251
2982,0.006348
2983,0.011017
2984,-0.008789
2985,-0.036530
2986,-0.035065
2987,-0.033936
2988,-0.045105
2989,-0.047333
2990,-0.035522
2991,0.076111
2992,0.132904
2993,0.069519
2994,0.014343
2995,0.009094
2996,0.012573
2997,-0.006866
2998,-0.027588
2999,-0.028412
3000,-0.018341
3001,-0.004456
3002,-0.004913
3003,-0.007385
3004,0.005066
3005,0.004303
3006,-0.009705
3007,0.003448
3008,0.013336
3009,0.015900
3010,0.022858
3011,0.019226
3012,0.024750
3013,0.004761
3014,-0.027710
3015,-0.023834
3016,-0.007202
3017,-0.000458
3018,-0.020813
3019,-0.067841
3020,-0.083893
3021,-0.077087
3022,0.041046
3023,0.117340
3024,0.055725
3025,-0.002777
3026,0.005676
3027,0.020752
3028,-0.005981
3029,-0.043030
3030,-0.046478
3031,-0.015778
3032,0.006683
3033,-0.000702
3034,-0.011200
3035,-0.004913
3036,0.004089
3037,0.007568
3038,-0.011444
3039,-0.014679
3040,0.008362
3041,-0.001221
3042,-0.011993
3043,0.005127
3044,0.012024
3045,0.013458
3046,0.011841
3047,-0.011810
3048,-0.017090
3049,-0.000824
3050,0.010406
3051,-0.005157
3052,-0.012604
3053,0.006042
3054,0.036743
3055,0.046509
3056,0.024750
3057,0.001831
3058,0.022614
3059,0.027222
3060,-0.020111
3061,-0.044769
3062,-0.032654
3063,-0.001221
3064,0.006775
3065,-0.025940
3066,-0.058838
3067,-0.041046
3068,-0.028412
3069,-0.002350
3070,0.021759
3071,0.043610
3072,0.074402
3073,0.055878
3074,0.008820
3075,0.014282
3076,0.010773
3077,-0.018860
3078,-0.020691
3079,-0.014099
3080,-0.005310
3081,-0.004944
3082,-0.010956
3083,0.000092
3084,0.003021
3085,-0.001434
3086,-0.000977
3087,0.002258
3088,0.009644
3089,0.000793
3090,-0.017914
3091,0.009796
3092,0.011383
3093,-0.018158
3094,-0.041870
3095,-0.006042
3096,0.020142
3097,-0.013733
3098,-0.034515
3099,-0.015167
3100,0.026245
3101,0.042542
3102,0.018036
3103,0.009491
3104,0.030396
3105,0.030426
3106,-0.011871
3107,-0.019257
3108,-0.007294
3109,-0.015625
3110,-0.011078
3111,-0.014771
3112,-0.007751
3113,-0.005310
3114,-0.023163
3115,-0.013947
3116,0.009705
3117,-0.004456
3118,-0.026154
3119,-0.000946
3120,0.008148
3121,0.005829
3122,0.014435
3123,0.001801
3124,0.034729
3125,0.052582
3126,0.027435
3127,0.022766
3128,0.001038
3129,-0.023254
3130,-0.031677
3131,-0.038940
3132,-0.012482
3133,0.000854
3134,-0.017090
3135,-0.021820
3136,-0.026489
3137,-0.003723
3138,-0.006805
3139,-0.015076
3140,0.001740
3141,0.024902
3142,0.034027
3143,0.030701
3144,0.037170
3145,0.044312
3146,0.006165
3147,-0.022522
3148,-0.001007
3149,-0.005249
3150,-0.025543
3151,-0.034515
3152,-0.017944
3153,-0.002197
3154,-0.016937
3155,-0.024506
3156,-0.001007
3157,0.017517
3158,0.014679
3159,-0.005066
3160,-0.015533
3161,0.022125
3162,0.049133
3163,-0.007874
3164,-0.000061
3165,0.024689
3166,0.004089
3167,0.014618
3168,-0.017242
3169,-0.043762
3170,0.004242
3171,0.010712
3172,-0.018402
3173,-0.017059
3174,-0.015381
3175,0.002655
3176,0.014496
3177,0.008698
3178,-0.013245
3179,-0.014771
3180,0.029510
3181,0.022644
3182,-0.009277
3183,-0.000092
3184,0.018005
3185,0.008148
3186,-0.016418
3187,-0.024231
3188,-0.005585
3189,0.011902
3190,-0.002655
3191,-0.035614
3192,-0.014069
3193,0.015259
3194,0.001129
3195,-0.008331
3196,-0.001068
3197,0.021393
3198,0.030853
3199,-0.002869
3200,0.003204
3201,0.016907
3202,-0.001984
3203,0.000122
3204,-0.008514
3205,-0.014465
3206,0.002563
3207,-0.011047
3208,-0.012787
3209,0.001404
3210,-0.009674
3211,-0.018219
3212,0.004395
3213,0.014465
3214,0.021576
3215,0.007263
3216,-0.016663
3217,0.010071
3218,0.019562
3219,0.004425
3220,0.004974
3221,0.001007
3222,0.003815
3223,0.003113
3224,-0.027588
3225,-0.005829
3226,0.020020
3227,-0.004456
3228,-0.015717
3229,-0.013733
3230,0.000488
3231,0.007599
3232,0.001709
3233,-0.000793
3234,0.002136
3235,0.003082
3236,0.006317
3237,0.010956
3238,0.011078
3239,-0.011139
3240,-0.013947
3241,0.004272
3242,0.009277
3243,-0.010010
3244,-0.016449
3245,0.006561
3246,0.010193
3247,-0.006012
3248,-0.013580
3249,0.004517
3250,0.021179
3251,0.009552
3252,-0.013519
3253,-0.010559
3254,0.014923
3255,0.011719
3256,-0.008514
3257,-0.002869
3258,-0.008606
3259,-0.006775
3260,0.010681
3261,-0.006897
3262,-0.011230
3263,0.012970
3264,0.006805
3265,-0.007385
3266,-0.002686
3267,0.007202
3268,0.006500
3269,-0.001648
3270,0.001160
3271,0.002106
3272,-0.002228
3273,-0.000763
3274,-0.006195
3275,-0.003815
3276,0.008240
3277,0.003601
3278,-0.001373
3279,-0.000244
3280,-0.004150
3281,-0.004333
3282,0.002625
3283,-0.002716
3284,-0.005371
3285,-0.001099
3286,0.000397
3287,0.006439
3288,0.003387
3289,-0.003235
3290,0.000702
3291,-0.001801
3292,-0.002686
3293,-0.000519
3294,-0.002045
3295,0.002167
3296,0.000275
3297,-0.001068
3298,0.000916
3299,-0.001923
3300,-0.000549
3301,-0.001251
3302,-0.002228
3303,-0.001373
3304,-0.000122
3305,0.002563
3306,-0.000092
3307,-0.001160
3308,0.002014
3309,0.002136
3310,0.001923
3311,0.000427
3312,-0.000122
3313,-0.000275
3314,-0.002136
3315,-0.003113
3316,-0.002441
3317,-0.000641
3318,0.000366
3319,0.000214
3320,-0.000275
3321,0.000305
3322,-0.000641
3323,-0.000610
3324,-0.001312
3325,-0.001740
3326,0.000183
3327,0.001587
3328,0.000793
3329,-0.000153
3330,-0.000824
3331,0.001099
3332,0.000336
3333,-0.000702
3334,0.000092
3335,0.000061
3336,0.000641
3337,0.000183
3338,-0.000671
3339,-0.000824
3340,-0.001495
3341,-0.002960
3342,-0.002075
3343,-0.000397
3344,0.000580
3345,0.000000
3346,-0.000732
3347,-0.000305
3348,-0.000916
3349,-0.000427
3350,-0.000183
3351,-0.001099
3352,-0.000946
3353,0.001038
3354,0.002289
3355,0.001770
3356,0.000946
3357,0.000641
3358,0.000000
3359,-0.000732
3360,-0.002502
3361,-0.003021
3362,-0.002197
3363,-0.002014
3364,-0.001709
3365,-0.000458
3366,0.000397
3367,0.000549
3368,0.000580
3369,0.000702
3370,0.000336
3371,0.000702
3372,0.001099
3373,0.001373
3374,0.000549
3375,-0.000427
3376,-0.000732
3377,-0.001404
3378,-0.002289
3379,-0.002960
3380,-0.002533
3381,-0.000946
3382,-0.000519
3383,0.000427
3384,0.001648
3385,0.001923
3386,0.001648
3387,0.001038
3388,0.000000
3389,0.000000
3390,-0.000183
3391,-0.000763
3392,-0.001495
3393,-0.001648
3394,-0.001801
3395,-0.002167
3396,-0.001251
3397,-0.000153
3398,0.000427
3399,0.001129
3400,0.001587
3401,0.001404
3402,0.000793
3403,0.000488
3404,-0.000183
3405,-0.000458
3406,-0.001038
3407,-0.001709
3408,-0.001740
3409,-0.001251
3410,-0.001190
3411,-0.000793
3412,-0.000488
3413,-0.000641
3414,-0.000214
3415,0.000641
3416,0.001099
3417,0.001526
3418,0.001923
3419,0.001709
3420,0.001129
3421,0.000122
3422,-0.000122
3423,-0.000610
3424,-0.001892
3425,-0.003021
3426,-0.003265
3427,-0.002502
3428,-0.001831
3429,-0.001038
3430,-0.000305
3431,0.000641
3432,0.001038
3433,0.001770
3434,0.001587
3435,0.001465
3436,0.001129
3437,0.000671
3438,0.000275
3439,-0.000031
3440,-0.000458
3441,-0.001282
3442,-0.001770
3443,-0.001556
3444,-0.001312
3445,-0.001038
3446,-0.000671
3447,-0.000458
3448,-0.000214
3449,-0.000122
3450,0.000336
3451,0.000671
3452,0.000946
3453,0.001068
3454,0.000793
3455,0.000519
3456,0.000031
3457,-0.000061
3458,-0.000580
3459,-0.001495
3460,-0.001709
3461,-0.001190
3462,-0.000519
3463,-0.000305
3464,0.000183
3465,0.000671
3466,0.000641
3467,0.000549
3468,0.000519
3469,0.000458
3470,-0.000031
3471,-0.000519
3472,-0.000946
3473,-0.000732
3474,-0.000488
3475,-0.000458
3476,-0.001007
3477,-0.000824
3478,-0.000244
3479,-0.000031
3480,0.000153
3481,0.000183
3482,0.000305
3483,0.000488
3484,0.000580
3485,0.000549
3486,0.000580
3487,0.000519
3488,-0.000061
3489,-0.000427
3490,-0.000977
3491,-0.001434
3492,-0.001007
3493,-0.000793
3494,-0.000916
3495,-0.000793
3496,-0.000519
3497,0.000275
3498,0.000458
3499,0.001038
3500,0.001343
3501,0.001251
3502,0.000763
3503,0.000488
3504,-0.000122
3505,-0.000397
3506,-0.000580
3507,-0.000854
3508,-0.000854
3509,-0.000824
3510,-0.000854
3511,-0.001129
3512,-0.000793
3513,-0.000275
3514,0.000061
3515,0.000275
3516,0.000610
3517,0.000763
3518,0.000732
3519,0.000488
3520,0.000244
3521,-0.000183
3522,-0.000275
3523,-0.000458
3524,-0.000580
3525,-0.000366
3526,-0.000305
3527,0.000000
3528,0.000092
3529,-0.000244
3530,-0.000153
3531,-0.000061
3532,-0.000153
3533,-0.000061
3534,0.000061
3535,0.000031
3536,-0.000153
3537,0.000000
3538,-0.000031
3539,-0.000244
3540,-0.000488
3541,-0.000336
3542,-0.000153
3543,-0.000061
3544,0.000031
3545,-0.000061
3546,-0.000244
3547,-0.000061
3548,-0.000031
3549,0.000092
3550,0.000153
3551,0.000000
3552,-0.000397
3553,-0.000366
3554,-0.000305
3555,-0.000214
3556,-0.000183
3557,0.000305
3558,0.000458
3559,0.000244
3560,0.000031
3561,-0.000122
3562,-0.000122
3563,-0.000641
3564,-0.000946
3565,-0.000671
3566,-0.000397
3567,-0.000031
3568,0.000031
3569,0.000458
3570,0.000854
3571,0.001160
3572,0.001068
3573,0.000854
3574,0.000183
3575,-0.000305
3576,-0.000580
3577,-0.001038
3578,-0.001373
3579,-0.001221
3580,-0.001251
3581,-0.001038
3582,-0.000610
3583,-0.000275
3584,0.000183
3585,0.000793
3586,0.000977
3587,0.000977
3588,0.001099
3589,0.000885
3590,0.000549
3591,0.000031
3592,-0.000122
3593,-0.000427
3594,-0.000946
3595,-0.001251
3596,-0.001312
3597,-0.001068
3598,-0.000549
3599,-0.000214
3600,0.000092
3601,0.000549
3602,0.000793
3603,0.000763
3604,0.000397
3605,0.000336
3606,0.000305
3607,0.000183
3608,-0.000153
3609,-0.000275
3610,-0.000458
3611,-0.000488
3612,-0.000366
3613,-0.000336
3614,-0.000458
3615,-0.000427
3616,-0.000305
3617,0.000000
3618,0.000214
3619,0.000031
3620,0.000336
3621,0.000549
3622,0.000122
3623,-0.000214
3624,-0.000366
3625,-0.000305
3626,-0.000397
3627,-0.000397
3628,-0.000641
3629,-0.000397
3630,0.000153
3631,0.000488
3632,0.000153
3633,0.000031
3634,0.000305
3635,0.000366
3636,0.000031
3637,-0.000183
3638,-0.000153
3639,-0.000092
3640,-0.000427
3641,-0.000702
3642,-0.000305
3643,0.000000
3644,0.000000
3645,0.000092