journey_id	student_id	start_dt	end_dt	bus_srvc	direction	start_stop	end_stop
J2110	S0043	2026-11-08 11:35	2026-11-08 12:04:00	253	1	23191	23291
J2604	S0053	2026-11-11 11:41	2026-11-11 13:49:00	176	1	28449	14051
J1395	S0028	2026-11-24 20:21	2026-11-24 20:24:00	925M	1	46541	47009
J1326	S0027	2026-11-08 09:03	2026-11-08 09:09:00	102B	1	67401	67401
J0020	S0001	2026-10-08 20:41	2026-10-08 21:11:00	10e	2	93051	94031
J1731	S0035	2026-11-19 13:29	2026-11-19 13:54:00	870	2	43539	28211
J0724	S0015	2026-10-26 11:12	2026-10-26 11:15:00	941	1	40359	40359
J2685	S0054	2026-11-26 22:49	2026-11-26 23:01:00	975B	1	44079	30059
J2838	S0057	2026-11-04 08:45	2026-11-04 08:48:00	870	1	43329	43531
J1110	S0023	2026-11-08 01:55	2026-11-08 02:21:00	674	2	43761	40449
J2068	S0042	2026-11-05 01:36	2026-11-05 01:59:00	672	2	03509	64231
J1521	S0031	2026-10-26 09:16	2026-10-26 09:23:00	243G	1	22239	22259
J0563	S0012	2026-10-24 03:53	2026-10-24 03:55:00	859A	1	58299	58299
J1846	S0037	2026-11-10 14:36	2026-11-10 14:48:00	656	1	04179	03019
J1791	S0036	2026-11-21 10:23	2026-11-21 10:59:00	329	1	66559	64331
J0411	S0009	2026-10-30 07:35	2026-10-30 07:50:00	5B	1	96051	98311
J0972	S0020	2026-10-09 20:23	2026-10-09 21:30:00	17	1	78119	96289
J2835	S0057	2026-10-17 14:52	2026-10-17 15:06:00	652	1	03059	03218
J1546	S0031	2026-10-12 02:05	2026-10-12 02:08:00	175	1	14209	14209
J1837	S0037	2026-11-10 02:28	2026-11-10 03:39:00	871	1	43201	40459
J2536	S0051	2026-11-17 06:11	2026-11-17 08:14:00	857	1	60081	60161
J2490	S0050	2026-11-17 08:19	2026-11-17 08:34:00	382	2	65499	65559
J1499	S0030	2026-11-08 01:30	2026-11-08 01:55:00	883	1	58621	58211
J1491	S0030	2026-11-18 01:17	2026-11-18 02:39:00	72	1	64491	73031
J0572	S0012	2026-11-08 07:42	2026-11-08 08:10:00	190	1	08138	04239
J2661	S0054	2026-10-16 19:47	2026-10-16 19:51:00	911	1	46551	46551
J1149	S0023	2026-10-23 11:34	2026-10-23 11:54:00	677	1	67301	67211
J2880	S0058	2026-11-05 01:24	2026-11-05 01:28:00	107	2	64521	64559
J2424	S0049	2026-10-19 00:35	2026-10-19 00:41:00	811A	1	59119	59149
J1512	S0031	2026-10-23 17:41	2026-10-23 17:44:00	975	1	44251	44251
J0391	S0008	2026-11-01 12:41	2026-11-01 14:41:00	139	1	50231	10431
J1775	S0036	2026-11-16 16:53	2026-11-16 17:04:00	103	1	67049	68011
J0190	S0004	2026-11-08 18:22	2026-11-08 18:46:00	925A	1	49121	49149
J1975	S0040	2026-11-14 14:01	2026-11-14 14:08:00	65	2	71091	72061
J2668	S0054	2026-11-15 04:01	2026-11-15 04:42:00	73T	1	66039	52501
J0144	S0003	2026-11-23 06:08	2026-11-23 06:50:00	181	2	41009	27379
J2099	S0042	2026-11-16 22:34	2026-11-16 22:44:00	84W	1	65461	65099
J0719	S0015	2026-10-21 11:41	2026-10-21 12:26:00	257	1	24431	23361
J0422	S0009	2026-11-10 06:21	2026-11-10 06:24:00	962B	1	58251	58251
J2441	S0049	2026-11-25 09:06	2026-11-25 09:50:00	118B	1	96111	75361
J2697	S0054	2026-10-21 17:24	2026-10-21 17:33:00	39	2	78191	98099