0,0
1,1
2,2
3,3
4,4
5,5
6,6
7,7
8,8
9,9
10,10
11,11
12,11
13,11
14,11
15,11
16,11
17,11
18,11
19,11
20,11
21,11
22,11
23,10
24,9
25,8
26,7
27,6
28,5
29,4
30,3
31,2
32,1
33,0
34,0
35,0
36,0
37,0
38,0
39,0
40,0
41,0
42,0
43,0
44,1
45,2
46,3
47,4
48,5
49,6
50,7
51,8
52,9
53,10
54,10
55,10
56,10
57,10
58,10
59,10
60,10
61,10
62,10
63,9
64,8
65,7
66,6
67,5
68,4
69,3
70,2
71,1
72,1
73,1
74,1
75,1
76,1
77,1
78,1
79,1
80,2
81,3
82,4
83,5
84,6
85,7
86,8
87,9
88,9
89,9
90,9
91,9
92,9
93,9
94,9
95,8
96,7
97,6
98,5
99,4
100,3
101,2
102,2
103,2
104,2
105,2
106,2
107,2
108,3
109,4
110,5
111,6
112,7
113,8
114,8
115,8
116,8
117,8
118,8
119,7
120,6
121,5
122,4
123,3
124,3
125,3
126,3
127,3
128,4
129,5
130,6
131,7
132,7
133,7
134,7
135,6
136,5
137,4
138,4
139,4
140,5
141,6
142,6
143,5
